{"cameraMode":{"drawMode":0,"name":"Shaded","section":"Shading Mode"},"sceneLighting":true,"audioPlay":false,"sceneViewState":{"showFog":true,"showMaterialUpdate":false,"showSkybox":true,"showFlares":true,"showImageEffects":true,"showParticleSystems":true},"in2DMode":false,"pivot":{"x":897.8229370117188,"y":985.1973266601563,"z":-60.9285888671875},"rotation":{"x":-0.031801678240299228,"y":-0.01289624348282814,"z":0.0004101628146599978,"w":-0.9994109272956848},"size":1602.46826171875,"orthographic":false}